Ride,Date/Time,Wait Time
Haunted Mansion,2022-01-21 09:05:22,13
Haunted Mansion,2022-01-21 09:10:22,13
Haunted Mansion,2022-01-21 09:15:22,13
Haunted Mansion,2022-01-21 09:20:23,13
Haunted Mansion,2022-01-21 09:25:22,13
Haunted Mansion,2022-01-21 09:30:23,13
Haunted Mansion,2022-01-21 09:35:23,13
Haunted Mansion,2022-01-21 09:40:23,13
Haunted Mansion,2022-01-21 11:50:23,13
Haunted Mansion,2022-01-21 11:55:23,13
Haunted Mansion,2022-01-21 12:00:22,30
Haunted Mansion,2022-01-21 12:05:22,30
Haunted Mansion,2022-01-21 12:10:23,30
Haunted Mansion,2022-01-21 12:15:23,30
Haunted Mansion,2022-01-21 12:20:22,30
Haunted Mansion,2022-01-21 12:25:23,30
Haunted Mansion,2022-01-21 12:30:23,40
Haunted Mansion,2022-01-21 12:35:23,50
Haunted Mansion,2022-01-21 12:40:22,50
Haunted Mansion,2022-01-21 12:45:22,45
Haunted Mansion,2022-01-21 12:50:22,45
Haunted Mansion,2022-01-21 12:55:22,45
Haunted Mansion,2022-01-21 13:00:22,40
Haunted Mansion,2022-01-21 13:05:23,40
Haunted Mansion,2022-01-21 13:10:23,40
Haunted Mansion,2022-01-21 13:15:23,40
Haunted Mansion,2022-01-21 13:20:23,40
Haunted Mansion,2022-01-21 13:25:22,40
Haunted Mansion,2022-01-21 13:30:23,40
Haunted Mansion,2022-01-21 13:35:23,40
Haunted Mansion,2022-01-21 13:40:22,40
Haunted Mansion,2022-01-21 13:45:22,40
Haunted Mansion,2022-01-21 13:50:23,40
Haunted Mansion,2022-01-21 13:55:22,40
Haunted Mansion,2022-01-21 14:00:22,35
Haunted Mansion,2022-01-21 14:05:23,40
Haunted Mansion,2022-01-21 14:10:23,40
Haunted Mansion,2022-01-21 14:15:22,40
Haunted Mansion,2022-01-21 14:20:23,40
Haunted Mansion,2022-01-21 14:25:22,40
Haunted Mansion,2022-01-21 14:30:23,45
Haunted Mansion,2022-01-21 14:35:23,45
Haunted Mansion,2022-01-21 14:40:23,45
Haunted Mansion,2022-01-21 14:45:22,45
Haunted Mansion,2022-01-21 14:50:23,45
Haunted Mansion,2022-01-21 14:55:22,45
Haunted Mansion,2022-01-21 15:00:22,45
Haunted Mansion,2022-01-21 15:05:23,45
Haunted Mansion,2022-01-21 15:10:22,45
Haunted Mansion,2022-01-21 15:15:23,45
Haunted Mansion,2022-01-21 15:20:24,45
Haunted Mansion,2022-01-21 15:25:23,45
Haunted Mansion,2022-01-21 15:30:22,45
Haunted Mansion,2022-01-21 15:35:22,35
Haunted Mansion,2022-01-21 15:40:23,35
Haunted Mansion,2022-01-21 15:45:23,35
Haunted Mansion,2022-01-21 15:50:22,35
Haunted Mansion,2022-01-21 15:55:22,40
Haunted Mansion,2022-01-21 16:00:22,40
Haunted Mansion,2022-01-21 16:05:23,40
Haunted Mansion,2022-01-21 16:10:22,40
Haunted Mansion,2022-01-21 16:15:22,45
Haunted Mansion,2022-01-21 16:20:22,35
Haunted Mansion,2022-01-21 16:25:22,35
Haunted Mansion,2022-01-21 16:30:23,35
Haunted Mansion,2022-01-21 16:35:23,35
Haunted Mansion,2022-01-21 16:40:23,40
Haunted Mansion,2022-01-21 16:45:23,40
Haunted Mansion,2022-01-21 16:50:22,40
Haunted Mansion,2022-01-21 16:55:22,40
Haunted Mansion,2022-01-21 17:00:22,40
Haunted Mansion,2022-01-21 17:05:22,40
Haunted Mansion,2022-01-21 17:10:23,40
Haunted Mansion,2022-01-21 18:30:22,40
Haunted Mansion,2022-01-21 18:35:22,40
Haunted Mansion,2022-01-21 18:40:23,40
Haunted Mansion,2022-01-21 18:45:22,40
Haunted Mansion,2022-01-21 18:50:22,40
Haunted Mansion,2022-01-21 18:55:23,40
Haunted Mansion,2022-01-21 19:00:22,40
Haunted Mansion,2022-01-21 19:05:22,40
Haunted Mansion,2022-01-21 19:10:22,40
Haunted Mansion,2022-01-21 19:15:23,40
Haunted Mansion,2022-01-21 19:20:22,50
Haunted Mansion,2022-01-21 19:25:23,50
Haunted Mansion,2022-01-21 19:30:23,45
Haunted Mansion,2022-01-21 19:35:22,45
Haunted Mansion,2022-01-21 19:40:23,45
Haunted Mansion,2022-01-21 19:45:22,45
Haunted Mansion,2022-01-21 19:50:23,45
Haunted Mansion,2022-01-21 19:55:23,45
Haunted Mansion,2022-01-21 20:00:22,45
Haunted Mansion,2022-01-21 20:05:22,45
Haunted Mansion,2022-01-21 20:10:22,45
Haunted Mansion,2022-01-21 20:15:23,45
Haunted Mansion,2022-01-21 20:20:23,45
Haunted Mansion,2022-01-21 20:25:22,45
Haunted Mansion,2022-01-21 20:30:22,45
Haunted Mansion,2022-01-21 20:35:23,45
Haunted Mansion,2022-01-21 20:40:22,45
Haunted Mansion,2022-01-21 20:45:22,45
Haunted Mansion,2022-01-21 20:50:23,45
Haunted Mansion,2022-01-21 20:55:23,45
Haunted Mansion,2022-01-21 21:00:25,45
Haunted Mansion,2022-01-21 21:05:23,45
Haunted Mansion,2022-01-21 21:10:22,45
Haunted Mansion,2022-01-21 21:15:23,45
Haunted Mansion,2022-01-21 21:20:23,45
Haunted Mansion,2022-01-21 21:25:22,45
Haunted Mansion,2022-01-21 21:30:23,45
Haunted Mansion,2022-01-21 21:35:22,45
Haunted Mansion,2022-01-21 21:40:23,45
Haunted Mansion,2022-01-21 21:45:22,45
Haunted Mansion,2022-01-21 21:50:22,45
Haunted Mansion,2022-01-21 21:55:22,45
Haunted Mansion,2022-01-21 22:00:23,45
Haunted Mansion,2022-01-21 22:05:23,45
Haunted Mansion,2022-01-21 22:10:23,45
Haunted Mansion,2022-01-21 22:15:22,45
Haunted Mansion,2022-01-21 22:20:23,45
Haunted Mansion,2022-01-21 22:25:22,45
Haunted Mansion,2022-01-21 22:30:22,45
Haunted Mansion,2022-01-21 22:35:22,45
Haunted Mansion,2022-01-21 22:40:23,45
Haunted Mansion,2022-01-21 22:45:22,45
Haunted Mansion,2022-01-21 22:50:22,45
Haunted Mansion,2022-01-21 22:55:22,45
Haunted Mansion,2022-01-21 23:00:22,45
Haunted Mansion,2022-01-22 08:10:23,13
Haunted Mansion,2022-01-22 08:15:22,13
Haunted Mansion,2022-01-22 08:20:23,13
Haunted Mansion,2022-01-22 08:25:22,13
Haunted Mansion,2022-01-22 08:30:22,13
Haunted Mansion,2022-01-22 08:35:22,13
Haunted Mansion,2022-01-22 08:40:22,13
Haunted Mansion,2022-01-22 08:45:22,13
Haunted Mansion,2022-01-22 08:50:23,13
Haunted Mansion,2022-01-22 08:55:23,13
Haunted Mansion,2022-01-22 09:00:24,13
Haunted Mansion,2022-01-22 09:05:22,13
Haunted Mansion,2022-01-22 09:10:22,13
Haunted Mansion,2022-01-22 09:15:23,13
Haunted Mansion,2022-01-22 09:20:23,13
Haunted Mansion,2022-01-22 09:25:22,13
Haunted Mansion,2022-01-22 09:30:23,13
Haunted Mansion,2022-01-22 09:35:23,13
Haunted Mansion,2022-01-22 09:40:23,13
Haunted Mansion,2022-01-22 09:45:22,13
Haunted Mansion,2022-01-22 09:50:22,13
Haunted Mansion,2022-01-22 09:55:23,13
Haunted Mansion,2022-01-22 10:00:22,20
Haunted Mansion,2022-01-22 10:05:22,25
Haunted Mansion,2022-01-22 10:10:22,25
Haunted Mansion,2022-01-22 10:15:23,25
Haunted Mansion,2022-01-22 10:20:22,35
Haunted Mansion,2022-01-22 10:25:22,35
Haunted Mansion,2022-01-22 10:30:23,35
Haunted Mansion,2022-01-22 10:35:22,30
Haunted Mansion,2022-01-22 10:40:23,30
Haunted Mansion,2022-01-22 10:45:23,30
Haunted Mansion,2022-01-22 10:50:23,30
Haunted Mansion,2022-01-22 10:55:22,30
Haunted Mansion,2022-01-22 11:00:22,30
Haunted Mansion,2022-01-22 11:05:23,30
Haunted Mansion,2022-01-22 11:10:22,30
Haunted Mansion,2022-01-22 11:15:23,30
Haunted Mansion,2022-01-22 11:20:23,30
Haunted Mansion,2022-01-22 11:25:22,30
Haunted Mansion,2022-01-22 11:30:23,30
Haunted Mansion,2022-01-22 11:35:23,30
Haunted Mansion,2022-01-22 11:40:22,30
Haunted Mansion,2022-01-22 11:45:22,45
Haunted Mansion,2022-01-22 11:50:22,45
Haunted Mansion,2022-01-22 11:55:23,45
Haunted Mansion,2022-01-22 12:00:22,35
Haunted Mansion,2022-01-22 12:05:23,35
Haunted Mansion,2022-01-22 12:10:23,35
Haunted Mansion,2022-01-22 12:15:22,35
Haunted Mansion,2022-01-22 12:20:23,35
Haunted Mansion,2022-01-22 12:25:22,35
Haunted Mansion,2022-01-22 12:30:23,35
Haunted Mansion,2022-01-22 12:35:23,35
Haunted Mansion,2022-01-22 12:40:22,35
Haunted Mansion,2022-01-22 12:45:22,40
Haunted Mansion,2022-01-22 12:50:22,45
Haunted Mansion,2022-01-22 12:55:23,45
Haunted Mansion,2022-01-22 13:10:23,45
Haunted Mansion,2022-01-22 13:15:22,45
Haunted Mansion,2022-01-22 13:20:22,45
Haunted Mansion,2022-01-22 13:25:22,70
Haunted Mansion,2022-01-22 13:30:23,40
Haunted Mansion,2022-01-22 13:45:23,40
Haunted Mansion,2022-01-22 13:50:23,40
Haunted Mansion,2022-01-22 13:55:23,40
Haunted Mansion,2022-01-22 14:00:23,40
Haunted Mansion,2022-01-22 14:05:22,25
Haunted Mansion,2022-01-22 14:10:22,25
Haunted Mansion,2022-01-22 14:15:23,25
Haunted Mansion,2022-01-22 14:20:22,40
Haunted Mansion,2022-01-22 14:25:22,50
Haunted Mansion,2022-01-22 14:30:22,50
Haunted Mansion,2022-01-22 14:35:22,50
Haunted Mansion,2022-01-22 14:40:22,50
Haunted Mansion,2022-01-22 14:45:23,50
Haunted Mansion,2022-01-22 14:50:22,50
Haunted Mansion,2022-01-22 14:55:22,60
Haunted Mansion,2022-01-22 15:00:23,60
Haunted Mansion,2022-01-22 15:05:23,60
Haunted Mansion,2022-01-22 15:10:22,60
Haunted Mansion,2022-01-22 15:15:22,60
Haunted Mansion,2022-01-22 15:20:22,60
Haunted Mansion,2022-01-22 15:25:23,35
Haunted Mansion,2022-01-22 15:30:23,30
Haunted Mansion,2022-01-22 15:35:22,30
Haunted Mansion,2022-01-22 15:40:23,30
Haunted Mansion,2022-01-22 15:45:22,30
Haunted Mansion,2022-01-22 15:50:23,30
Haunted Mansion,2022-01-22 15:55:23,30
Haunted Mansion,2022-01-22 16:00:23,30
Haunted Mansion,2022-01-22 16:05:23,30
Haunted Mansion,2022-01-22 16:10:23,30
Haunted Mansion,2022-01-22 16:15:22,30
Haunted Mansion,2022-01-22 16:20:23,30
Haunted Mansion,2022-01-22 16:25:22,40
Haunted Mansion,2022-01-22 16:30:22,40
Haunted Mansion,2022-01-22 16:35:22,40
Haunted Mansion,2022-01-22 16:40:23,40
Haunted Mansion,2022-01-22 16:45:22,40
Haunted Mansion,2022-01-22 16:50:23,40
Haunted Mansion,2022-01-22 16:55:22,40
Haunted Mansion,2022-01-22 17:00:23,40
Haunted Mansion,2022-01-22 17:05:22,40
Haunted Mansion,2022-01-22 17:10:23,40
Haunted Mansion,2022-01-22 17:15:22,40
Haunted Mansion,2022-01-22 17:20:24,40
Haunted Mansion,2022-01-22 17:25:23,40
Haunted Mansion,2022-01-22 17:30:23,40
Haunted Mansion,2022-01-22 17:35:22,40
Haunted Mansion,2022-01-22 17:40:23,40
Haunted Mansion,2022-01-22 17:45:23,40
Haunted Mansion,2022-01-22 17:50:22,40
Haunted Mansion,2022-01-22 18:30:23,40
Haunted Mansion,2022-01-22 18:35:23,40
Haunted Mansion,2022-01-22 18:40:22,40
Haunted Mansion,2022-01-22 18:45:23,20
Haunted Mansion,2022-01-22 18:50:23,20
Haunted Mansion,2022-01-22 18:55:22,20
Haunted Mansion,2022-01-22 19:00:23,20
Haunted Mansion,2022-01-22 19:05:23,20
Haunted Mansion,2022-01-22 19:10:22,20
Haunted Mansion,2022-01-22 19:15:22,20
Haunted Mansion,2022-01-22 19:20:23,25
Haunted Mansion,2022-01-22 19:25:23,40
Haunted Mansion,2022-01-22 19:30:22,40
Haunted Mansion,2022-01-22 19:35:22,40
Haunted Mansion,2022-01-22 19:40:22,40
Haunted Mansion,2022-01-22 19:45:22,40
Haunted Mansion,2022-01-22 19:50:22,40
Haunted Mansion,2022-01-22 19:55:23,40
Haunted Mansion,2022-01-22 20:00:22,40
Haunted Mansion,2022-01-22 20:05:22,40
Haunted Mansion,2022-01-22 20:10:22,40
Haunted Mansion,2022-01-22 20:15:22,40
Haunted Mansion,2022-01-22 20:20:22,40
Haunted Mansion,2022-01-22 20:25:22,40
Haunted Mansion,2022-01-22 20:30:22,40
Haunted Mansion,2022-01-22 20:35:23,40
Haunted Mansion,2022-01-22 20:40:23,40
Haunted Mansion,2022-01-22 20:45:22,20
Haunted Mansion,2022-01-22 20:50:22,20
Haunted Mansion,2022-01-22 20:55:22,20
Haunted Mansion,2022-01-22 21:00:26,20
Haunted Mansion,2022-01-22 21:05:23,20
Haunted Mansion,2022-01-22 21:10:23,20
Haunted Mansion,2022-01-22 21:15:22,20
Haunted Mansion,2022-01-22 21:20:22,20
Haunted Mansion,2022-01-22 21:25:24,20
Haunted Mansion,2022-01-22 21:30:24,20
Haunted Mansion,2022-01-22 21:35:23,20
Haunted Mansion,2022-01-22 21:40:22,20
Haunted Mansion,2022-01-22 21:45:23,20
Haunted Mansion,2022-01-22 21:50:22,20
Haunted Mansion,2022-01-22 21:55:23,20
Haunted Mansion,2022-01-22 22:00:22,13
Haunted Mansion,2022-01-22 22:05:22,13
Haunted Mansion,2022-01-22 22:10:23,13
Haunted Mansion,2022-01-22 22:15:22,13
Haunted Mansion,2022-01-22 22:20:23,13
Haunted Mansion,2022-01-22 22:25:22,13
Haunted Mansion,2022-01-22 22:30:23,13
Haunted Mansion,2022-01-22 22:35:23,13
Haunted Mansion,2022-01-22 22:40:23,13
Haunted Mansion,2022-01-22 22:45:22,13
Haunted Mansion,2022-01-22 22:50:23,13
Haunted Mansion,2022-01-22 22:55:22,13
Haunted Mansion,2022-01-22 23:00:23,13
Haunted Mansion,2022-01-22 23:05:22,13
Haunted Mansion,2022-01-22 23:10:23,13
Haunted Mansion,2022-01-22 23:15:22,13
Haunted Mansion,2022-01-22 23:20:23,13
Haunted Mansion,2022-01-22 23:25:23,13
Haunted Mansion,2022-01-22 23:30:23,13
Haunted Mansion,2022-01-22 23:35:23,13
Haunted Mansion,2022-01-22 23:40:22,13
Haunted Mansion,2022-01-22 23:45:22,13
Haunted Mansion,2022-01-22 23:50:22,13
Haunted Mansion,2022-01-22 23:55:23,13
Haunted Mansion,2022-01-23 00:00:23,13
Haunted Mansion,2022-01-23 08:40:22,13
Haunted Mansion,2022-01-23 08:45:22,13
Haunted Mansion,2022-01-23 08:50:22,13
Haunted Mansion,2022-01-23 08:55:23,13
Haunted Mansion,2022-01-23 09:00:23,13
Haunted Mansion,2022-01-23 09:05:23,13
Haunted Mansion,2022-01-23 09:10:22,13
Haunted Mansion,2022-01-23 09:15:22,13
Haunted Mansion,2022-01-23 09:20:22,13
Haunted Mansion,2022-01-23 09:25:22,13
Haunted Mansion,2022-01-23 09:30:23,13
Haunted Mansion,2022-01-23 09:35:22,13
Haunted Mansion,2022-01-23 09:40:22,13
Haunted Mansion,2022-01-23 09:45:22,13
Haunted Mansion,2022-01-23 09:50:22,13
Haunted Mansion,2022-01-23 09:55:23,13
Haunted Mansion,2022-01-23 10:00:38,13
Haunted Mansion,2022-01-23 10:05:22,20
Haunted Mansion,2022-01-23 10:10:23,20
Haunted Mansion,2022-01-23 10:15:23,25
Haunted Mansion,2022-01-23 10:20:23,35
Haunted Mansion,2022-01-23 10:25:22,35
Haunted Mansion,2022-01-23 10:30:23,35
Haunted Mansion,2022-01-23 10:35:23,35
Haunted Mansion,2022-01-23 10:40:22,35
Haunted Mansion,2022-01-23 10:45:23,35
Haunted Mansion,2022-01-23 10:50:22,35
Haunted Mansion,2022-01-23 10:55:23,35
Haunted Mansion,2022-01-23 11:20:22,35
Haunted Mansion,2022-01-23 11:25:23,35
Haunted Mansion,2022-01-23 11:30:22,25
Haunted Mansion,2022-01-23 11:35:23,25
Haunted Mansion,2022-01-23 11:40:22,25
Haunted Mansion,2022-01-23 11:45:23,25
Haunted Mansion,2022-01-23 11:50:22,25
Haunted Mansion,2022-01-23 11:55:22,25
Haunted Mansion,2022-01-23 12:00:23,25
Haunted Mansion,2022-01-23 12:05:23,25
Haunted Mansion,2022-01-23 12:10:22,25
Haunted Mansion,2022-01-23 12:15:22,25
Haunted Mansion,2022-01-23 12:20:22,25
Haunted Mansion,2022-01-23 12:25:22,25
Haunted Mansion,2022-01-23 12:30:23,25
Haunted Mansion,2022-01-23 12:35:22,25
Haunted Mansion,2022-01-23 12:40:23,25
Haunted Mansion,2022-01-23 12:45:23,25
Haunted Mansion,2022-01-23 12:50:23,25
Haunted Mansion,2022-01-23 12:55:23,25
Haunted Mansion,2022-01-23 13:00:23,50
Haunted Mansion,2022-01-23 13:05:23,50
Haunted Mansion,2022-01-23 13:10:22,50
Haunted Mansion,2022-01-23 13:15:22,50
Haunted Mansion,2022-01-23 13:20:23,50
Haunted Mansion,2022-01-23 13:25:23,50
Haunted Mansion,2022-01-23 13:30:23,50
Haunted Mansion,2022-01-23 13:35:22,35
Haunted Mansion,2022-01-23 13:40:22,35
Haunted Mansion,2022-01-23 14:35:22,35
Haunted Mansion,2022-01-23 14:40:23,35
Haunted Mansion,2022-01-23 14:45:23,35
Haunted Mansion,2022-01-23 14:50:22,35
Haunted Mansion,2022-01-23 14:55:22,35
Haunted Mansion,2022-01-23 15:00:23,35
Haunted Mansion,2022-01-23 15:10:22,35
Haunted Mansion,2022-01-23 15:15:22,35
Haunted Mansion,2022-01-23 15:20:22,35
Haunted Mansion,2022-01-23 15:25:22,35
Haunted Mansion,2022-01-23 15:30:22,35
Haunted Mansion,2022-01-23 15:35:22,20
Haunted Mansion,2022-01-23 15:40:22,20
Haunted Mansion,2022-01-23 15:45:22,20
Haunted Mansion,2022-01-23 15:50:22,20
Haunted Mansion,2022-01-23 15:55:23,20
Haunted Mansion,2022-01-23 16:00:23,20
Haunted Mansion,2022-01-23 16:05:23,35
Haunted Mansion,2022-01-23 16:10:23,35
Haunted Mansion,2022-01-23 16:15:23,35
Haunted Mansion,2022-01-23 16:20:22,35
Haunted Mansion,2022-01-23 16:25:23,35
Haunted Mansion,2022-01-23 16:30:23,35
Haunted Mansion,2022-01-23 16:35:23,35
Haunted Mansion,2022-01-23 16:40:22,35
Haunted Mansion,2022-01-23 16:45:22,35
Haunted Mansion,2022-01-23 16:50:23,35
Haunted Mansion,2022-01-23 16:55:23,35
Haunted Mansion,2022-01-23 17:00:22,35
Haunted Mansion,2022-01-23 17:05:23,35
Haunted Mansion,2022-01-23 17:10:23,35
Haunted Mansion,2022-01-23 17:15:22,35
Haunted Mansion,2022-01-23 17:20:22,35
Haunted Mansion,2022-01-23 17:25:23,35
Haunted Mansion,2022-01-23 17:30:23,35
Haunted Mansion,2022-01-23 17:35:23,35
Haunted Mansion,2022-01-23 17:40:23,35
Haunted Mansion,2022-01-23 17:45:22,35
Haunted Mansion,2022-01-23 17:50:23,35
Haunted Mansion,2022-01-23 17:55:23,35
Haunted Mansion,2022-01-23 18:00:23,35
Haunted Mansion,2022-01-23 18:05:23,15
Haunted Mansion,2022-01-23 18:10:23,15
Haunted Mansion,2022-01-23 18:15:22,30
Haunted Mansion,2022-01-23 18:20:23,30
Haunted Mansion,2022-01-23 18:25:22,30
Haunted Mansion,2022-01-23 18:30:22,30
Haunted Mansion,2022-01-23 18:35:22,30
Haunted Mansion,2022-01-23 18:40:23,30
Haunted Mansion,2022-01-23 18:45:22,30
Haunted Mansion,2022-01-23 18:50:22,30
Haunted Mansion,2022-01-23 18:55:23,30
Haunted Mansion,2022-01-23 19:00:23,30
Haunted Mansion,2022-01-23 19:05:22,30
Haunted Mansion,2022-01-23 19:10:23,30
Haunted Mansion,2022-01-23 19:15:23,30
Haunted Mansion,2022-01-23 19:20:23,30
Haunted Mansion,2022-01-23 19:25:22,30
Haunted Mansion,2022-01-23 19:30:22,30
Haunted Mansion,2022-01-23 19:35:22,30
Haunted Mansion,2022-01-23 19:40:22,30
Haunted Mansion,2022-01-23 19:45:23,30
Haunted Mansion,2022-01-23 19:50:22,30
Haunted Mansion,2022-01-23 19:55:23,30
Haunted Mansion,2022-01-23 20:00:22,30
Haunted Mansion,2022-01-23 20:05:23,30
Haunted Mansion,2022-01-23 20:10:23,30
Haunted Mansion,2022-01-23 20:15:22,13
Haunted Mansion,2022-01-23 20:20:23,13
Haunted Mansion,2022-01-23 20:25:23,13
Haunted Mansion,2022-01-23 20:30:23,13
Haunted Mansion,2022-01-23 20:35:22,13
Haunted Mansion,2022-01-23 20:40:23,13
Haunted Mansion,2022-01-23 20:45:22,13
Haunted Mansion,2022-01-23 20:50:22,13
Haunted Mansion,2022-01-23 20:55:23,13
Haunted Mansion,2022-01-23 21:00:25,13
Haunted Mansion,2022-01-23 21:05:22,13
Haunted Mansion,2022-01-23 21:10:22,13
Haunted Mansion,2022-01-23 21:15:23,13
Haunted Mansion,2022-01-23 21:20:22,13
Haunted Mansion,2022-01-23 21:25:23,13
Haunted Mansion,2022-01-23 21:30:22,13
Haunted Mansion,2022-01-23 21:35:22,13
Haunted Mansion,2022-01-23 21:40:23,13
Haunted Mansion,2022-01-23 21:45:22,13
Haunted Mansion,2022-01-23 21:50:22,13
Haunted Mansion,2022-01-23 21:55:22,13
Haunted Mansion,2022-01-23 22:00:23,13
Haunted Mansion,2022-01-23 22:05:22,13
Haunted Mansion,2022-01-23 22:10:22,13
Haunted Mansion,2022-01-23 22:15:22,13
Haunted Mansion,2022-01-23 22:20:23,13
Haunted Mansion,2022-01-23 22:45:22,13
Haunted Mansion,2022-01-23 22:50:23,13
Haunted Mansion,2022-01-23 22:55:24,13
Haunted Mansion,2022-01-23 23:00:23,13
Haunted Mansion,2022-01-24 09:55:22,5
Haunted Mansion,2022-01-24 10:00:23,5
Haunted Mansion,2022-01-24 10:05:23,5
Haunted Mansion,2022-01-24 10:10:22,5
Haunted Mansion,2022-01-24 10:15:23,5
Haunted Mansion,2022-01-24 10:20:22,5
Haunted Mansion,2022-01-24 10:25:22,5
Haunted Mansion,2022-01-24 10:30:23,5
Haunted Mansion,2022-01-24 10:35:22,5
Haunted Mansion,2022-01-24 10:40:23,5
Haunted Mansion,2022-01-24 10:45:22,15
Haunted Mansion,2022-01-24 10:50:22,25
Haunted Mansion,2022-01-24 10:55:23,25
Haunted Mansion,2022-01-24 11:00:23,25
Haunted Mansion,2022-01-24 11:05:22,25
Haunted Mansion,2022-01-24 11:10:23,25
Haunted Mansion,2022-01-24 11:15:23,25
Haunted Mansion,2022-01-24 11:20:22,25
Haunted Mansion,2022-01-24 11:25:22,25
Haunted Mansion,2022-01-24 11:30:23,45
Haunted Mansion,2022-01-24 11:35:23,45
Haunted Mansion,2022-01-24 11:40:22,45
Haunted Mansion,2022-01-24 11:45:22,45
Haunted Mansion,2022-01-24 11:50:22,45
Haunted Mansion,2022-01-24 11:55:22,45
Haunted Mansion,2022-01-24 12:00:23,45
Haunted Mansion,2022-01-24 12:05:23,45
Haunted Mansion,2022-01-24 12:10:23,45
Haunted Mansion,2022-01-24 12:15:22,45
Haunted Mansion,2022-01-24 12:20:22,45
Haunted Mansion,2022-01-24 12:25:22,45
Haunted Mansion,2022-01-24 12:30:22,45
Haunted Mansion,2022-01-24 12:35:22,45
Haunted Mansion,2022-01-24 12:40:23,45
Haunted Mansion,2022-01-24 12:45:23,45
Haunted Mansion,2022-01-24 12:50:22,45
Haunted Mansion,2022-01-24 12:55:22,45
Haunted Mansion,2022-01-24 13:00:23,45
Haunted Mansion,2022-01-24 13:05:22,45
Haunted Mansion,2022-01-24 13:10:23,45
Haunted Mansion,2022-01-24 13:15:22,45
Haunted Mansion,2022-01-24 13:20:22,45
Haunted Mansion,2022-01-24 13:25:22,5
Haunted Mansion,2022-01-24 13:30:22,25
Haunted Mansion,2022-01-24 13:35:22,30
Haunted Mansion,2022-01-24 13:40:22,30
Haunted Mansion,2022-01-24 13:45:22,30
Haunted Mansion,2022-01-24 13:50:22,30
Haunted Mansion,2022-01-24 13:55:23,40
Haunted Mansion,2022-01-24 14:00:22,40
Haunted Mansion,2022-01-24 14:05:23,30
Haunted Mansion,2022-01-24 14:10:22,30
Haunted Mansion,2022-01-24 14:15:22,30
Haunted Mansion,2022-01-24 14:20:23,40
Haunted Mansion,2022-01-24 14:25:23,40
Haunted Mansion,2022-01-24 14:30:23,40
Haunted Mansion,2022-01-24 14:35:23,35
Haunted Mansion,2022-01-24 14:40:22,35
Haunted Mansion,2022-01-24 15:30:23,30
Haunted Mansion,2022-01-24 15:35:22,30
Haunted Mansion,2022-01-24 15:40:23,30
Haunted Mansion,2022-01-24 15:45:23,30
Haunted Mansion,2022-01-24 15:50:22,30
Haunted Mansion,2022-01-24 15:55:22,30
Haunted Mansion,2022-01-24 16:00:22,30
Haunted Mansion,2022-01-24 16:05:22,30
Haunted Mansion,2022-01-24 16:10:22,30
Haunted Mansion,2022-01-24 16:15:23,30
Haunted Mansion,2022-01-24 16:20:22,45
Haunted Mansion,2022-01-24 16:25:22,45
Haunted Mansion,2022-01-24 16:30:22,45
Haunted Mansion,2022-01-24 16:35:23,45
Haunted Mansion,2022-01-24 16:40:22,45
Haunted Mansion,2022-01-24 16:45:22,45
Haunted Mansion,2022-01-24 16:50:24,30
Haunted Mansion,2022-01-24 16:55:22,30
Haunted Mansion,2022-01-24 17:00:22,30
Haunted Mansion,2022-01-24 17:05:23,30
Haunted Mansion,2022-01-24 17:10:22,30
Haunted Mansion,2022-01-24 17:15:23,35
Haunted Mansion,2022-01-24 17:20:22,35
Haunted Mansion,2022-01-24 17:25:22,35
Haunted Mansion,2022-01-24 17:30:22,30
Haunted Mansion,2022-01-24 17:35:23,30
Haunted Mansion,2022-01-24 17:40:23,30
Haunted Mansion,2022-01-24 17:45:22,30
Haunted Mansion,2022-01-24 17:50:22,30
Haunted Mansion,2022-01-24 17:55:22,30
Haunted Mansion,2022-01-24 18:00:22,30
Haunted Mansion,2022-01-24 18:05:23,30
Haunted Mansion,2022-01-24 18:10:22,30
Haunted Mansion,2022-01-24 18:15:23,30
Haunted Mansion,2022-01-24 18:20:23,30
Haunted Mansion,2022-01-24 18:25:23,30
Haunted Mansion,2022-01-24 18:30:23,30
Haunted Mansion,2022-01-24 18:35:22,30
Haunted Mansion,2022-01-24 18:40:22,30
Haunted Mansion,2022-01-24 18:45:23,25
Haunted Mansion,2022-01-24 18:50:22,25
Haunted Mansion,2022-01-24 18:55:23,25
Haunted Mansion,2022-01-24 19:00:22,25
Haunted Mansion,2022-01-24 19:05:22,25
Haunted Mansion,2022-01-24 19:10:23,25
Haunted Mansion,2022-01-24 19:15:22,25
Haunted Mansion,2022-01-24 19:20:22,25
Haunted Mansion,2022-01-24 19:25:22,13
Haunted Mansion,2022-01-24 19:30:23,13
Haunted Mansion,2022-01-24 19:35:22,13
Haunted Mansion,2022-01-24 19:40:22,13
Haunted Mansion,2022-01-24 19:45:22,13
Haunted Mansion,2022-01-24 19:50:23,13
Haunted Mansion,2022-01-24 19:55:22,13
Haunted Mansion,2022-01-24 20:00:23,13
Haunted Mansion,2022-01-25 09:10:23,13
Haunted Mansion,2022-01-25 09:15:23,13
Haunted Mansion,2022-01-25 09:20:22,13
Haunted Mansion,2022-01-25 09:25:23,13
Haunted Mansion,2022-01-25 09:30:22,13
Haunted Mansion,2022-01-25 09:35:24,13
Haunted Mansion,2022-01-25 09:40:22,13
Haunted Mansion,2022-01-25 09:45:22,13
Haunted Mansion,2022-01-25 09:50:22,13
Haunted Mansion,2022-01-25 09:55:22,13
Haunted Mansion,2022-01-25 10:00:22,13
Haunted Mansion,2022-01-25 10:05:23,13
Haunted Mansion,2022-01-25 10:10:22,13
Haunted Mansion,2022-01-25 10:15:22,13
Haunted Mansion,2022-01-25 10:20:22,13
Haunted Mansion,2022-01-25 10:25:23,13
Haunted Mansion,2022-01-25 10:30:22,13
Haunted Mansion,2022-01-25 10:35:23,13
Haunted Mansion,2022-01-25 10:40:22,13
Haunted Mansion,2022-01-25 10:45:22,13
Haunted Mansion,2022-01-25 10:50:22,20
Haunted Mansion,2022-01-25 10:55:22,20
Haunted Mansion,2022-01-25 11:00:23,20
Haunted Mansion,2022-01-25 11:05:22,20
Haunted Mansion,2022-01-25 11:10:23,20
Haunted Mansion,2022-01-25 11:15:23,30
Haunted Mansion,2022-01-25 11:20:22,30
Haunted Mansion,2022-01-25 11:25:22,30
Haunted Mansion,2022-01-25 11:30:22,30
Haunted Mansion,2022-01-25 11:35:22,30
Haunted Mansion,2022-01-25 11:40:23,35
Haunted Mansion,2022-01-25 11:45:23,45
Haunted Mansion,2022-01-25 11:50:22,45
Haunted Mansion,2022-01-25 11:55:22,45
Haunted Mansion,2022-01-25 12:00:22,45
Haunted Mansion,2022-01-25 12:05:22,45
Haunted Mansion,2022-01-25 12:10:22,25
Haunted Mansion,2022-01-25 12:15:22,30
Haunted Mansion,2022-01-25 12:20:23,30
Haunted Mansion,2022-01-25 12:25:23,30
Haunted Mansion,2022-01-25 12:30:23,30
Haunted Mansion,2022-01-25 12:35:22,30
Haunted Mansion,2022-01-25 12:40:22,40
Haunted Mansion,2022-01-25 12:45:22,40
Haunted Mansion,2022-01-25 12:50:23,40
Haunted Mansion,2022-01-25 12:55:22,40
Haunted Mansion,2022-01-25 13:00:23,40
Haunted Mansion,2022-01-25 13:05:22,40
Haunted Mansion,2022-01-25 13:10:22,40
Haunted Mansion,2022-01-25 13:15:22,40
Haunted Mansion,2022-01-25 13:20:23,25
Haunted Mansion,2022-01-25 13:25:22,25
Haunted Mansion,2022-01-25 13:30:22,25
Haunted Mansion,2022-01-25 13:35:22,25
Haunted Mansion,2022-01-25 13:40:22,25
Haunted Mansion,2022-01-25 13:45:22,40
Haunted Mansion,2022-01-25 13:50:23,30
Haunted Mansion,2022-01-25 13:55:22,30
Haunted Mansion,2022-01-25 14:00:22,30
Haunted Mansion,2022-01-25 14:05:22,30
Haunted Mansion,2022-01-25 14:10:22,30
Haunted Mansion,2022-01-25 14:15:23,20
Haunted Mansion,2022-01-25 14:20:23,20
Haunted Mansion,2022-01-25 14:25:22,20
Haunted Mansion,2022-01-25 14:30:22,20
Haunted Mansion,2022-01-25 14:35:23,25
Haunted Mansion,2022-01-25 14:45:22,25
Haunted Mansion,2022-01-25 14:50:23,25
Haunted Mansion,2022-01-25 14:55:22,25
Haunted Mansion,2022-01-25 15:00:22,25
Haunted Mansion,2022-01-25 15:40:22,25
Haunted Mansion,2022-01-25 15:45:22,25
Haunted Mansion,2022-01-25 15:50:22,13
Haunted Mansion,2022-01-25 15:55:22,13
Haunted Mansion,2022-01-25 16:00:23,13
Haunted Mansion,2022-01-25 16:05:23,13
Haunted Mansion,2022-01-25 16:10:22,13
Haunted Mansion,2022-01-25 16:15:23,20
Haunted Mansion,2022-01-25 16:20:22,25
Haunted Mansion,2022-01-25 16:25:22,25
Haunted Mansion,2022-01-25 16:30:22,25
Haunted Mansion,2022-01-25 16:35:22,40
Haunted Mansion,2022-01-25 16:40:23,30
Haunted Mansion,2022-01-25 16:45:22,30
Haunted Mansion,2022-01-25 16:50:23,30
Haunted Mansion,2022-01-25 16:55:22,30
Haunted Mansion,2022-01-25 17:00:22,30
Haunted Mansion,2022-01-25 17:05:22,30
Haunted Mansion,2022-01-25 17:10:22,30
Haunted Mansion,2022-01-25 17:15:22,30
Haunted Mansion,2022-01-25 17:20:23,30
Haunted Mansion,2022-01-25 17:25:23,30
Haunted Mansion,2022-01-25 17:30:22,30
Haunted Mansion,2022-01-25 17:35:23,30
Haunted Mansion,2022-01-25 17:40:23,30
Haunted Mansion,2022-01-25 17:45:22,30
Haunted Mansion,2022-01-25 17:50:23,30
Haunted Mansion,2022-01-25 17:55:22,30
Haunted Mansion,2022-01-25 18:00:22,30
Haunted Mansion,2022-01-25 18:05:22,30
Haunted Mansion,2022-01-25 18:10:22,30
Haunted Mansion,2022-01-25 18:15:23,30
Haunted Mansion,2022-01-25 18:20:22,30
Haunted Mansion,2022-01-25 18:25:22,30
Haunted Mansion,2022-01-25 18:30:23,30
Haunted Mansion,2022-01-25 18:35:23,20
Haunted Mansion,2022-01-25 18:40:22,20
Haunted Mansion,2022-01-25 18:45:23,20
Haunted Mansion,2022-01-25 18:50:23,20
Haunted Mansion,2022-01-25 18:55:22,20
Haunted Mansion,2022-01-25 19:00:22,13
Haunted Mansion,2022-01-25 19:05:22,13
Haunted Mansion,2022-01-25 19:10:22,13
Haunted Mansion,2022-01-25 19:15:22,13
Haunted Mansion,2022-01-25 19:20:22,13
Haunted Mansion,2022-01-25 19:25:22,13
Haunted Mansion,2022-01-25 19:30:22,13
Haunted Mansion,2022-01-25 19:35:22,13
Haunted Mansion,2022-01-25 19:40:23,13
Haunted Mansion,2022-01-25 19:45:23,13
Haunted Mansion,2022-01-25 19:50:23,13
Haunted Mansion,2022-01-25 19:55:23,13
Haunted Mansion,2022-01-25 20:00:23,13
Haunted Mansion,2022-01-26 09:05:22,5
Haunted Mansion,2022-01-26 09:10:22,5
Haunted Mansion,2022-01-26 09:15:22,5
Haunted Mansion,2022-01-26 09:20:23,5
Haunted Mansion,2022-01-26 09:25:24,5
Haunted Mansion,2022-01-26 09:30:22,5
Haunted Mansion,2022-01-26 09:35:22,5
Haunted Mansion,2022-01-26 09:40:22,5
Haunted Mansion,2022-01-26 09:45:23,5
Haunted Mansion,2022-01-26 09:50:22,5
Haunted Mansion,2022-01-26 09:55:22,5
Haunted Mansion,2022-01-26 10:00:23,5
Haunted Mansion,2022-01-26 10:05:22,5
Haunted Mansion,2022-01-26 10:10:23,5
Haunted Mansion,2022-01-26 10:15:38,13
Haunted Mansion,2022-01-26 10:20:23,13
Haunted Mansion,2022-01-26 10:25:22,13
Haunted Mansion,2022-01-26 10:30:23,13
Haunted Mansion,2022-01-26 10:35:22,15
Haunted Mansion,2022-01-26 10:40:22,15
Haunted Mansion,2022-01-26 10:45:22,25
Haunted Mansion,2022-01-26 10:50:22,30
Haunted Mansion,2022-01-26 10:55:22,30
Haunted Mansion,2022-01-26 11:00:22,40
Haunted Mansion,2022-01-26 11:05:23,30
Haunted Mansion,2022-01-26 11:10:22,30
Haunted Mansion,2022-01-26 11:15:22,30
Haunted Mansion,2022-01-26 11:20:22,20
Haunted Mansion,2022-01-26 11:25:22,20
Haunted Mansion,2022-01-26 11:30:22,20
Haunted Mansion,2022-01-26 11:35:22,20
Haunted Mansion,2022-01-26 11:40:22,35
Haunted Mansion,2022-01-26 11:45:23,35
Haunted Mansion,2022-01-26 11:50:22,35
Haunted Mansion,2022-01-26 11:55:22,35
Haunted Mansion,2022-01-26 12:00:22,40
Haunted Mansion,2022-01-26 12:05:23,40
Haunted Mansion,2022-01-26 12:10:22,40
Haunted Mansion,2022-01-26 12:15:22,40
Haunted Mansion,2022-01-26 12:20:23,40
Haunted Mansion,2022-01-26 12:25:22,40
Haunted Mansion,2022-01-26 12:30:23,35
Haunted Mansion,2022-01-26 12:35:22,35
Haunted Mansion,2022-01-26 12:40:22,30
Haunted Mansion,2022-01-26 12:45:22,30
Haunted Mansion,2022-01-26 12:50:23,30
Haunted Mansion,2022-01-26 12:55:22,30
Haunted Mansion,2022-01-26 13:00:23,30
Haunted Mansion,2022-01-26 13:05:22,30
Haunted Mansion,2022-01-26 13:10:22,30
Haunted Mansion,2022-01-26 13:15:22,30
Haunted Mansion,2022-01-26 13:20:22,30
Haunted Mansion,2022-01-26 13:25:23,30
Haunted Mansion,2022-01-26 13:30:23,40
Haunted Mansion,2022-01-26 13:35:22,40
Haunted Mansion,2022-01-26 13:40:22,40
Haunted Mansion,2022-01-26 13:45:22,30
Haunted Mansion,2022-01-26 13:50:23,30
Haunted Mansion,2022-01-26 13:55:23,30
Haunted Mansion,2022-01-26 14:00:23,30
Haunted Mansion,2022-01-26 14:05:23,30
Haunted Mansion,2022-01-26 14:10:22,30
Haunted Mansion,2022-01-26 14:15:22,30
Haunted Mansion,2022-01-26 14:20:23,30
Haunted Mansion,2022-01-26 14:25:22,30
Haunted Mansion,2022-01-26 14:30:22,30
Haunted Mansion,2022-01-26 14:35:23,30
Haunted Mansion,2022-01-26 14:40:23,30
Haunted Mansion,2022-01-26 14:45:22,30
Haunted Mansion,2022-01-26 14:50:23,30
Haunted Mansion,2022-01-26 14:55:22,30
Haunted Mansion,2022-01-26 15:00:22,30
Haunted Mansion,2022-01-26 15:05:23,30
Haunted Mansion,2022-01-26 15:10:23,30
Haunted Mansion,2022-01-26 15:15:22,30
Haunted Mansion,2022-01-26 15:20:22,30
Haunted Mansion,2022-01-26 15:25:22,30
Haunted Mansion,2022-01-26 15:30:23,30
Haunted Mansion,2022-01-26 15:35:22,30
Haunted Mansion,2022-01-26 15:40:23,30
Haunted Mansion,2022-01-26 15:45:23,30
Haunted Mansion,2022-01-26 15:50:22,30
Haunted Mansion,2022-01-26 15:55:23,30
Haunted Mansion,2022-01-26 16:00:23,30
Haunted Mansion,2022-01-26 16:25:22,30
Haunted Mansion,2022-01-26 16:30:22,13
Haunted Mansion,2022-01-26 16:35:23,13
Haunted Mansion,2022-01-26 16:40:22,13
Haunted Mansion,2022-01-26 16:45:22,30
Haunted Mansion,2022-01-26 16:50:22,30
Haunted Mansion,2022-01-26 16:55:23,40
Haunted Mansion,2022-01-26 17:00:22,25
Haunted Mansion,2022-01-26 17:05:22,25
Haunted Mansion,2022-01-26 17:10:22,25
Haunted Mansion,2022-01-26 17:15:22,25
Haunted Mansion,2022-01-26 17:20:22,25
Haunted Mansion,2022-01-26 17:25:23,40
Haunted Mansion,2022-01-26 17:30:23,30
Haunted Mansion,2022-01-26 17:35:23,30
Haunted Mansion,2022-01-26 17:40:22,30
Haunted Mansion,2022-01-26 17:45:23,30
Haunted Mansion,2022-01-26 17:50:22,20
Haunted Mansion,2022-01-26 17:55:23,13
Haunted Mansion,2022-01-26 18:00:23,13
Haunted Mansion,2022-01-26 18:05:22,13
Haunted Mansion,2022-01-26 18:10:23,25
Haunted Mansion,2022-01-26 18:15:22,25
Haunted Mansion,2022-01-26 18:20:22,25
Haunted Mansion,2022-01-26 18:25:22,25
Haunted Mansion,2022-01-26 18:30:22,25
Haunted Mansion,2022-01-26 18:35:22,25
Haunted Mansion,2022-01-26 18:40:23,35
Haunted Mansion,2022-01-26 18:45:23,35
Haunted Mansion,2022-01-26 18:50:23,35
Haunted Mansion,2022-01-26 18:55:22,35
Haunted Mansion,2022-01-26 19:00:22,20
Haunted Mansion,2022-01-26 19:05:22,20
Haunted Mansion,2022-01-26 19:10:23,13
Haunted Mansion,2022-01-26 19:15:22,13
Haunted Mansion,2022-01-26 19:20:22,13
Haunted Mansion,2022-01-26 19:25:23,13
Haunted Mansion,2022-01-26 19:30:23,13
Haunted Mansion,2022-01-26 19:35:23,13
Haunted Mansion,2022-01-26 19:40:23,13
Haunted Mansion,2022-01-26 19:45:23,13
Haunted Mansion,2022-01-26 19:50:22,13
Haunted Mansion,2022-01-26 19:55:23,13
Haunted Mansion,2022-01-26 20:00:22,13
Haunted Mansion,2022-01-27 09:05:23,5
Haunted Mansion,2022-01-27 09:10:22,13
Haunted Mansion,2022-01-27 09:15:23,13
Haunted Mansion,2022-01-27 09:20:23,13
Haunted Mansion,2022-01-27 09:25:23,13
Haunted Mansion,2022-01-27 09:30:23,13
Haunted Mansion,2022-01-27 09:35:22,13
Haunted Mansion,2022-01-27 09:40:22,13
Haunted Mansion,2022-01-27 09:45:22,13
Haunted Mansion,2022-01-27 09:50:22,13
Haunted Mansion,2022-01-27 09:55:22,13
Haunted Mansion,2022-01-27 10:00:23,13
Haunted Mansion,2022-01-27 10:05:23,13
Haunted Mansion,2022-01-27 10:10:23,20
Haunted Mansion,2022-01-27 10:15:23,20
Haunted Mansion,2022-01-27 10:20:23,20
Haunted Mansion,2022-01-27 10:25:23,20
Haunted Mansion,2022-01-27 10:30:22,20
Haunted Mansion,2022-01-27 10:35:22,35
Haunted Mansion,2022-01-27 10:40:22,35
Haunted Mansion,2022-01-27 10:45:22,35
Haunted Mansion,2022-01-27 10:50:22,35
Haunted Mansion,2022-01-27 10:55:22,35
Haunted Mansion,2022-01-27 11:00:22,35
Haunted Mansion,2022-01-27 11:05:22,35
Haunted Mansion,2022-01-27 11:10:22,35
Haunted Mansion,2022-01-27 11:15:22,35
Haunted Mansion,2022-01-27 11:20:22,35
Haunted Mansion,2022-01-27 11:25:22,35
Haunted Mansion,2022-01-27 11:30:22,35
Haunted Mansion,2022-01-27 11:35:22,35
Haunted Mansion,2022-01-27 11:40:22,35
Haunted Mansion,2022-01-27 11:45:22,50
Haunted Mansion,2022-01-27 11:50:22,50
Haunted Mansion,2022-01-27 11:55:23,50
Haunted Mansion,2022-01-27 12:00:23,50
Haunted Mansion,2022-01-27 12:05:23,50
Haunted Mansion,2022-01-27 12:10:23,35
Haunted Mansion,2022-01-27 12:15:22,35
Haunted Mansion,2022-01-27 12:20:22,35
Haunted Mansion,2022-01-27 12:25:22,35
Haunted Mansion,2022-01-27 12:30:23,35
Haunted Mansion,2022-01-27 12:35:22,35
Haunted Mansion,2022-01-27 12:40:23,45
Haunted Mansion,2022-01-27 12:45:22,45
Haunted Mansion,2022-01-27 12:50:22,35
Haunted Mansion,2022-01-27 12:55:22,35
Haunted Mansion,2022-01-27 13:00:23,35
Haunted Mansion,2022-01-27 13:05:23,35
Haunted Mansion,2022-01-27 13:10:22,45
Haunted Mansion,2022-01-27 13:15:22,45
Haunted Mansion,2022-01-27 13:20:22,45
Haunted Mansion,2022-01-27 13:25:22,45
Haunted Mansion,2022-01-27 13:30:22,45
Haunted Mansion,2022-01-27 13:35:23,45
Haunted Mansion,2022-01-27 13:40:23,45
Haunted Mansion,2022-01-27 13:45:22,35
Haunted Mansion,2022-01-27 13:50:23,35
Haunted Mansion,2022-01-27 13:55:23,35
Haunted Mansion,2022-01-27 14:00:23,35
Haunted Mansion,2022-01-27 14:05:22,35
Haunted Mansion,2022-01-27 14:10:23,35
Haunted Mansion,2022-01-27 14:15:22,35
Haunted Mansion,2022-01-27 14:20:23,35
Haunted Mansion,2022-01-27 14:25:23,35
Haunted Mansion,2022-01-27 14:30:23,35
Haunted Mansion,2022-01-27 14:35:23,35
Haunted Mansion,2022-01-27 14:40:22,35
Haunted Mansion,2022-01-27 14:45:22,35
Haunted Mansion,2022-01-27 14:50:23,35
Haunted Mansion,2022-01-27 14:55:22,35
Haunted Mansion,2022-01-27 15:00:23,35
Haunted Mansion,2022-01-27 15:05:22,35
Haunted Mansion,2022-01-27 15:10:22,35
Haunted Mansion,2022-01-27 15:15:22,35
Haunted Mansion,2022-01-27 15:20:22,35
Haunted Mansion,2022-01-27 15:25:22,35
Haunted Mansion,2022-01-27 15:30:23,35
Haunted Mansion,2022-01-27 15:35:23,35
Haunted Mansion,2022-01-27 15:40:23,35
Haunted Mansion,2022-01-27 15:45:22,35
Haunted Mansion,2022-01-27 15:50:22,35
Haunted Mansion,2022-01-27 15:55:22,35
Haunted Mansion,2022-01-27 16:00:22,35
Haunted Mansion,2022-01-27 16:05:23,35
Haunted Mansion,2022-01-27 16:10:23,35
Haunted Mansion,2022-01-27 16:15:22,35
Haunted Mansion,2022-01-27 16:20:23,35
Haunted Mansion,2022-01-27 16:25:22,35
Haunted Mansion,2022-01-27 16:30:22,35
Haunted Mansion,2022-01-27 16:35:23,45
Haunted Mansion,2022-01-27 16:40:23,45
Haunted Mansion,2022-01-27 16:45:22,45
Haunted Mansion,2022-01-27 16:50:22,35
Haunted Mansion,2022-01-27 16:55:22,35
Haunted Mansion,2022-01-27 17:00:23,35
Haunted Mansion,2022-01-27 17:05:23,35
Haunted Mansion,2022-01-27 17:10:22,35
Haunted Mansion,2022-01-27 17:15:22,35
Haunted Mansion,2022-01-27 17:20:23,35
Haunted Mansion,2022-01-27 17:25:23,35
Haunted Mansion,2022-01-27 17:30:23,45
Haunted Mansion,2022-01-27 17:35:22,45
Haunted Mansion,2022-01-27 17:40:23,45
Haunted Mansion,2022-01-27 17:45:22,45
Haunted Mansion,2022-01-27 17:50:23,30
Haunted Mansion,2022-01-27 17:55:23,30
Haunted Mansion,2022-01-27 18:00:23,30
Haunted Mansion,2022-01-27 18:05:23,30
Haunted Mansion,2022-01-27 18:10:22,35
Haunted Mansion,2022-01-27 18:15:22,45
Haunted Mansion,2022-01-27 18:20:22,45
Haunted Mansion,2022-01-27 18:25:22,45
Haunted Mansion,2022-01-27 18:30:22,35
Haunted Mansion,2022-01-27 18:35:22,35
Haunted Mansion,2022-01-27 18:40:23,35
Haunted Mansion,2022-01-27 18:45:22,35
Haunted Mansion,2022-01-27 18:50:23,35
Haunted Mansion,2022-01-27 18:55:23,35
Haunted Mansion,2022-01-27 19:00:23,13
Haunted Mansion,2022-01-27 19:05:22,13
Haunted Mansion,2022-01-27 19:10:22,13
Haunted Mansion,2022-01-27 19:15:22,13
Haunted Mansion,2022-01-27 19:20:22,13
Haunted Mansion,2022-01-27 19:25:22,13
Haunted Mansion,2022-01-27 19:30:22,15
Haunted Mansion,2022-01-27 19:35:22,15
Haunted Mansion,2022-01-27 19:40:23,15
Haunted Mansion,2022-01-27 19:45:23,13
Haunted Mansion,2022-01-27 19:50:22,13
Haunted Mansion,2022-01-27 19:55:22,13
Haunted Mansion,2022-01-27 20:00:22,13
Haunted Mansion,2022-01-28 09:05:22,5
Haunted Mansion,2022-01-28 09:10:23,5
Haunted Mansion,2022-01-28 09:15:22,5
Haunted Mansion,2022-01-28 09:20:22,5
Haunted Mansion,2022-01-28 09:25:23,5
Haunted Mansion,2022-01-28 09:30:22,5
Haunted Mansion,2022-01-28 09:35:22,5
Haunted Mansion,2022-01-28 09:40:22,5
Haunted Mansion,2022-01-28 09:45:22,5
Haunted Mansion,2022-01-28 09:50:22,5
Haunted Mansion,2022-01-28 10:25:22,20
Haunted Mansion,2022-01-28 10:30:23,20
Haunted Mansion,2022-01-28 10:35:22,20
Haunted Mansion,2022-01-28 10:40:22,30
Haunted Mansion,2022-01-28 10:45:22,30
Haunted Mansion,2022-01-28 10:50:22,30
Haunted Mansion,2022-01-28 10:55:22,40
Haunted Mansion,2022-01-28 11:00:22,40
Haunted Mansion,2022-01-28 11:05:22,40
Haunted Mansion,2022-01-28 11:10:23,35
Haunted Mansion,2022-01-28 11:15:23,35
Haunted Mansion,2022-01-28 11:20:23,45
Haunted Mansion,2022-01-28 11:25:23,40
Haunted Mansion,2022-01-28 11:30:22,35
Haunted Mansion,2022-01-28 11:35:23,35
Haunted Mansion,2022-01-28 11:40:22,35
Haunted Mansion,2022-01-28 11:45:22,45
Haunted Mansion,2022-01-28 11:50:23,45
Haunted Mansion,2022-01-28 11:55:22,50
Haunted Mansion,2022-01-28 12:00:22,45
Haunted Mansion,2022-01-28 12:05:22,50
Haunted Mansion,2022-01-28 12:10:22,50
Haunted Mansion,2022-01-28 12:15:23,50
Haunted Mansion,2022-01-28 12:20:22,50
Haunted Mansion,2022-01-28 12:25:22,50
Haunted Mansion,2022-01-28 12:30:23,50
Haunted Mansion,2022-01-28 12:35:22,50
Haunted Mansion,2022-01-28 12:40:22,50
Haunted Mansion,2022-01-28 12:45:22,40
Haunted Mansion,2022-01-28 12:50:23,40
Haunted Mansion,2022-01-28 12:55:23,40
Haunted Mansion,2022-01-28 13:00:24,40
Haunted Mansion,2022-01-28 13:05:23,40
Haunted Mansion,2022-01-28 13:10:22,40
Haunted Mansion,2022-01-28 13:15:22,30
Haunted Mansion,2022-01-28 13:20:22,30
Haunted Mansion,2022-01-28 13:25:23,30
Haunted Mansion,2022-01-28 13:30:22,50
Haunted Mansion,2022-01-28 13:35:23,50
Haunted Mansion,2022-01-28 13:40:22,50
Haunted Mansion,2022-01-28 13:45:23,30
Haunted Mansion,2022-01-28 13:50:23,35
Haunted Mansion,2022-01-28 13:55:22,35
Haunted Mansion,2022-01-28 14:00:23,50
Haunted Mansion,2022-01-28 14:05:22,50
Haunted Mansion,2022-01-28 14:10:23,50
Haunted Mansion,2022-01-28 14:15:23,40
Haunted Mansion,2022-01-28 14:20:24,40
Haunted Mansion,2022-01-28 14:25:23,40
Haunted Mansion,2022-01-28 14:30:22,35
Haunted Mansion,2022-01-28 14:35:23,35
Haunted Mansion,2022-01-28 14:40:23,35
Haunted Mansion,2022-01-28 14:45:22,35
Haunted Mansion,2022-01-28 14:50:23,40
Haunted Mansion,2022-01-28 14:55:23,45
Haunted Mansion,2022-01-28 15:00:22,50
Haunted Mansion,2022-01-28 15:05:23,50
Haunted Mansion,2022-01-28 15:10:22,50
Haunted Mansion,2022-01-28 15:15:22,50
Haunted Mansion,2022-01-28 15:20:23,50
Haunted Mansion,2022-01-28 15:25:22,50
Haunted Mansion,2022-01-28 15:30:22,50
Haunted Mansion,2022-01-28 15:35:23,50
Haunted Mansion,2022-01-28 15:40:22,50
Haunted Mansion,2022-01-28 15:45:22,50
Haunted Mansion,2022-01-28 15:50:23,30
Haunted Mansion,2022-01-28 15:55:22,30
Haunted Mansion,2022-01-28 16:00:23,30
Haunted Mansion,2022-01-28 16:05:22,35
Haunted Mansion,2022-01-28 16:10:22,45
Haunted Mansion,2022-01-28 16:15:23,45
Haunted Mansion,2022-01-28 16:20:23,45
Haunted Mansion,2022-01-28 16:25:23,45
Haunted Mansion,2022-01-28 16:30:23,45
Haunted Mansion,2022-01-28 16:35:22,45
Haunted Mansion,2022-01-28 16:40:22,45
Haunted Mansion,2022-01-28 16:45:23,45
Haunted Mansion,2022-01-28 16:50:22,45
Haunted Mansion,2022-01-28 16:55:23,45
Haunted Mansion,2022-01-28 17:00:22,45
Haunted Mansion,2022-01-28 17:05:22,45
Haunted Mansion,2022-01-28 17:10:22,45
Haunted Mansion,2022-01-28 17:15:23,45
Haunted Mansion,2022-01-28 17:20:23,45
Haunted Mansion,2022-01-28 17:25:22,45
Haunted Mansion,2022-01-28 17:30:23,45
Haunted Mansion,2022-01-28 17:35:22,45
Haunted Mansion,2022-01-28 17:40:23,45
Haunted Mansion,2022-01-28 17:45:23,45
Haunted Mansion,2022-01-28 17:50:22,45
Haunted Mansion,2022-01-28 17:55:23,45
Haunted Mansion,2022-01-28 18:00:23,45
Haunted Mansion,2022-01-28 18:05:23,35
Haunted Mansion,2022-01-28 18:10:22,35
Haunted Mansion,2022-01-28 18:15:23,35
Haunted Mansion,2022-01-28 18:20:22,35
Haunted Mansion,2022-01-28 18:25:23,35
Haunted Mansion,2022-01-28 18:30:23,50
Haunted Mansion,2022-01-28 18:35:22,50
Haunted Mansion,2022-01-28 18:40:22,50
Haunted Mansion,2022-01-28 18:45:22,50
Haunted Mansion,2022-01-28 18:50:22,50
Haunted Mansion,2022-01-28 18:55:23,45
Haunted Mansion,2022-01-28 19:00:22,45
Haunted Mansion,2022-01-28 19:05:22,35
Haunted Mansion,2022-01-28 19:10:23,35
Haunted Mansion,2022-01-28 19:15:22,35
Haunted Mansion,2022-01-28 19:20:22,35
Haunted Mansion,2022-01-28 19:25:23,45
Haunted Mansion,2022-01-28 19:30:22,45
Haunted Mansion,2022-01-28 19:35:23,45
Haunted Mansion,2022-01-28 19:40:23,45
Haunted Mansion,2022-01-28 19:45:22,35
Haunted Mansion,2022-01-28 19:50:23,35
Haunted Mansion,2022-01-28 19:55:23,35
Haunted Mansion,2022-01-28 20:00:23,35
Haunted Mansion,2022-01-28 20:05:22,35
Haunted Mansion,2022-01-28 20:10:23,35
Haunted Mansion,2022-01-28 20:15:22,60
Haunted Mansion,2022-01-28 20:20:22,60
Haunted Mansion,2022-01-28 20:25:23,60
Haunted Mansion,2022-01-28 20:30:23,45
Haunted Mansion,2022-01-28 20:35:22,45
Haunted Mansion,2022-01-28 20:40:22,25
Haunted Mansion,2022-01-28 20:45:22,25
Haunted Mansion,2022-01-28 20:50:22,25
Haunted Mansion,2022-01-28 20:55:22,25
Haunted Mansion,2022-01-28 21:00:24,25
Haunted Mansion,2022-01-28 21:05:22,25
Haunted Mansion,2022-01-28 21:10:23,25
Haunted Mansion,2022-01-28 21:15:22,35
Haunted Mansion,2022-01-28 21:20:22,35
Haunted Mansion,2022-01-28 21:25:22,45
Haunted Mansion,2022-01-28 21:30:22,45
Haunted Mansion,2022-01-28 21:35:23,45
Haunted Mansion,2022-01-28 21:40:23,45
Haunted Mansion,2022-01-28 21:45:22,45
Haunted Mansion,2022-01-28 21:50:22,45
Haunted Mansion,2022-01-28 21:55:22,35
Haunted Mansion,2022-01-28 22:00:23,35
Haunted Mansion,2022-01-28 22:05:22,35
Haunted Mansion,2022-01-28 22:10:23,35
Haunted Mansion,2022-01-28 22:15:22,35
Haunted Mansion,2022-01-28 22:20:22,35
Haunted Mansion,2022-01-29 08:05:23,13
Haunted Mansion,2022-01-29 08:10:22,13
Haunted Mansion,2022-01-29 08:15:23,13
Haunted Mansion,2022-01-29 08:20:23,13
Haunted Mansion,2022-01-29 08:25:22,13
Haunted Mansion,2022-01-29 08:30:23,13
Haunted Mansion,2022-01-29 08:35:22,13
Haunted Mansion,2022-01-29 08:40:22,13
Haunted Mansion,2022-01-29 08:45:22,13
Haunted Mansion,2022-01-29 08:50:23,13
Haunted Mansion,2022-01-29 08:55:23,13
Haunted Mansion,2022-01-29 09:00:23,13
Haunted Mansion,2022-01-29 09:05:23,13
Haunted Mansion,2022-01-29 09:10:22,13
Haunted Mansion,2022-01-29 09:15:22,13
Haunted Mansion,2022-01-29 09:20:22,13
Haunted Mansion,2022-01-29 09:25:22,13
Haunted Mansion,2022-01-29 09:30:23,13
Haunted Mansion,2022-01-29 09:35:23,13
Haunted Mansion,2022-01-29 09:40:23,13
Haunted Mansion,2022-01-29 09:45:22,13
Haunted Mansion,2022-01-29 09:50:23,13
Haunted Mansion,2022-01-29 09:55:22,13
Haunted Mansion,2022-01-29 10:00:23,25
Haunted Mansion,2022-01-29 10:05:23,25
Haunted Mansion,2022-01-29 10:10:23,35
Haunted Mansion,2022-01-29 10:15:22,35
Haunted Mansion,2022-01-29 10:20:22,35
Haunted Mansion,2022-01-29 10:25:22,35
Haunted Mansion,2022-01-29 10:30:22,35
Haunted Mansion,2022-01-29 11:35:22,35
Haunted Mansion,2022-01-29 11:40:22,35
Haunted Mansion,2022-01-29 11:45:23,35
Haunted Mansion,2022-01-29 11:50:22,35
Haunted Mansion,2022-01-29 11:55:23,40
Haunted Mansion,2022-01-29 12:00:23,45
Haunted Mansion,2022-01-29 12:05:22,45
Haunted Mansion,2022-01-29 12:10:23,45
Haunted Mansion,2022-01-29 12:15:23,45
Haunted Mansion,2022-01-29 12:20:22,45
Haunted Mansion,2022-01-29 12:25:23,30
Haunted Mansion,2022-01-29 12:30:23,30
Haunted Mansion,2022-01-29 12:35:22,40
Haunted Mansion,2022-01-29 12:40:22,40
Haunted Mansion,2022-01-29 12:45:22,45
Haunted Mansion,2022-01-29 12:50:22,45
Haunted Mansion,2022-01-29 12:55:22,45
Haunted Mansion,2022-01-29 13:00:22,45
Haunted Mansion,2022-01-29 13:05:23,45
Haunted Mansion,2022-01-29 13:10:23,45
Haunted Mansion,2022-01-29 13:15:22,45
Haunted Mansion,2022-01-29 13:20:23,45
Haunted Mansion,2022-01-29 13:25:23,45
Haunted Mansion,2022-01-29 13:30:22,45
Haunted Mansion,2022-01-29 13:35:22,45
Haunted Mansion,2022-01-29 13:40:23,45
Haunted Mansion,2022-01-29 13:45:22,45
Haunted Mansion,2022-01-29 13:50:22,45
Haunted Mansion,2022-01-29 13:55:22,55
Haunted Mansion,2022-01-29 14:00:22,55
Haunted Mansion,2022-01-29 14:05:22,55
Haunted Mansion,2022-01-29 14:10:22,55
Haunted Mansion,2022-01-29 14:15:22,35
Haunted Mansion,2022-01-29 14:20:23,35
Haunted Mansion,2022-01-29 14:25:22,45
Haunted Mansion,2022-01-29 14:30:22,45
Haunted Mansion,2022-01-29 14:35:22,45
Haunted Mansion,2022-01-29 14:40:23,45
Haunted Mansion,2022-01-29 14:45:23,45
Haunted Mansion,2022-01-29 14:50:23,45
Haunted Mansion,2022-01-29 14:55:23,35
Haunted Mansion,2022-01-29 15:00:22,35
Haunted Mansion,2022-01-29 15:05:22,45
Haunted Mansion,2022-01-29 15:10:22,45
Haunted Mansion,2022-01-29 15:15:23,55
Haunted Mansion,2022-01-29 15:20:22,55
Haunted Mansion,2022-01-29 15:25:23,55
Haunted Mansion,2022-01-29 15:30:22,55
Haunted Mansion,2022-01-29 15:35:22,55
Haunted Mansion,2022-01-29 15:40:22,55
Haunted Mansion,2022-01-29 15:45:22,45
Haunted Mansion,2022-01-29 15:50:22,45
Haunted Mansion,2022-01-29 15:55:22,45
Haunted Mansion,2022-01-29 16:00:22,45
Haunted Mansion,2022-01-29 16:05:22,45
Haunted Mansion,2022-01-29 16:10:22,45
Haunted Mansion,2022-01-29 16:15:22,45
Haunted Mansion,2022-01-29 16:20:23,45
Haunted Mansion,2022-01-29 16:25:22,45
Haunted Mansion,2022-01-29 16:30:23,45
Haunted Mansion,2022-01-29 16:35:23,45
Haunted Mansion,2022-01-29 16:40:22,45
Haunted Mansion,2022-01-29 16:45:23,45
Haunted Mansion,2022-01-29 16:50:23,45
Haunted Mansion,2022-01-29 16:55:22,45
Haunted Mansion,2022-01-29 17:00:22,45
Haunted Mansion,2022-01-29 17:05:23,45
Haunted Mansion,2022-01-29 17:10:22,45
Haunted Mansion,2022-01-29 17:15:22,45
Haunted Mansion,2022-01-29 17:20:23,45
Haunted Mansion,2022-01-29 17:25:23,45
Haunted Mansion,2022-01-29 17:30:23,35
Haunted Mansion,2022-01-29 17:35:22,35
Haunted Mansion,2022-01-29 17:40:22,35
Haunted Mansion,2022-01-29 17:45:23,35
Haunted Mansion,2022-01-29 17:50:23,35
Haunted Mansion,2022-01-29 17:55:22,35
Haunted Mansion,2022-01-29 18:00:23,35
Haunted Mansion,2022-01-29 18:05:23,45
Haunted Mansion,2022-01-29 18:10:22,45
Haunted Mansion,2022-01-29 18:15:23,45
Haunted Mansion,2022-01-29 18:20:23,45
Haunted Mansion,2022-01-29 18:25:22,45
Haunted Mansion,2022-01-29 18:30:23,45
Haunted Mansion,2022-01-29 18:35:23,45
Haunted Mansion,2022-01-29 18:40:23,45
Haunted Mansion,2022-01-29 18:45:22,45
Haunted Mansion,2022-01-29 18:50:23,45
Haunted Mansion,2022-01-29 18:55:22,45
Haunted Mansion,2022-01-29 19:00:23,45
Haunted Mansion,2022-01-29 19:05:23,35
Haunted Mansion,2022-01-29 19:10:23,35
Haunted Mansion,2022-01-29 19:15:23,35
Haunted Mansion,2022-01-29 19:20:22,35
Haunted Mansion,2022-01-29 19:25:22,35
Haunted Mansion,2022-01-29 19:30:22,35
Haunted Mansion,2022-01-29 19:35:22,35
Haunted Mansion,2022-01-29 19:40:22,35
Haunted Mansion,2022-01-29 19:45:22,35
Haunted Mansion,2022-01-29 19:50:22,35
Haunted Mansion,2022-01-29 19:55:22,35
Haunted Mansion,2022-01-29 20:00:23,35
Haunted Mansion,2022-01-29 20:05:22,35
Haunted Mansion,2022-01-29 20:10:22,35
Haunted Mansion,2022-01-29 20:15:22,35
Haunted Mansion,2022-01-29 20:20:22,35
Haunted Mansion,2022-01-29 20:25:22,35
Haunted Mansion,2022-01-29 20:30:23,40
Haunted Mansion,2022-01-29 20:35:22,40
Haunted Mansion,2022-01-29 20:40:22,40
Haunted Mansion,2022-01-29 20:45:22,25
Haunted Mansion,2022-01-29 20:50:23,25
Haunted Mansion,2022-01-29 20:55:23,25
Haunted Mansion,2022-01-29 21:00:25,25
Haunted Mansion,2022-01-29 21:05:22,25
Haunted Mansion,2022-01-29 21:10:22,25
Haunted Mansion,2022-01-29 21:15:23,25
Haunted Mansion,2022-01-29 21:20:23,25
Haunted Mansion,2022-01-29 21:25:22,25
Haunted Mansion,2022-01-29 21:30:24,25
Haunted Mansion,2022-01-29 21:35:23,25
Haunted Mansion,2022-01-29 21:40:23,25
Haunted Mansion,2022-01-29 21:45:22,25
Haunted Mansion,2022-01-29 21:50:22,25
Haunted Mansion,2022-01-29 21:55:23,25
Haunted Mansion,2022-01-29 22:00:22,25
Haunted Mansion,2022-01-29 22:05:22,25
Haunted Mansion,2022-01-29 22:10:24,25
Haunted Mansion,2022-01-29 22:15:23,25
Haunted Mansion,2022-01-29 22:20:23,25
Haunted Mansion,2022-01-29 22:25:22,13
Haunted Mansion,2022-01-29 22:30:23,13
Haunted Mansion,2022-01-29 22:35:22,13
Haunted Mansion,2022-01-29 22:40:22,13
Haunted Mansion,2022-01-29 22:45:22,13
Haunted Mansion,2022-01-29 22:50:23,13
Haunted Mansion,2022-01-29 22:55:22,13
Haunted Mansion,2022-01-29 23:00:22,13
Haunted Mansion,2022-01-29 23:05:22,13
Haunted Mansion,2022-01-29 23:10:23,13
Haunted Mansion,2022-01-29 23:15:22,13
Haunted Mansion,2022-01-29 23:20:23,13
Haunted Mansion,2022-01-29 23:25:22,13
Haunted Mansion,2022-01-30 08:05:23,5
Haunted Mansion,2022-01-30 11:00:22,13
Haunted Mansion,2022-01-30 11:05:22,13
Haunted Mansion,2022-01-30 11:10:22,35
Haunted Mansion,2022-01-30 11:15:22,35
Haunted Mansion,2022-01-30 11:20:22,35
Haunted Mansion,2022-01-30 11:25:22,35
Haunted Mansion,2022-01-30 11:30:23,35
Haunted Mansion,2022-01-30 11:35:22,35
Haunted Mansion,2022-01-30 11:40:22,35
Haunted Mansion,2022-01-30 11:45:22,35
Haunted Mansion,2022-01-30 11:50:22,35
Haunted Mansion,2022-01-30 11:55:23,35
Haunted Mansion,2022-01-30 12:00:22,35
Haunted Mansion,2022-01-30 12:05:23,35
Haunted Mansion,2022-01-30 12:10:23,35
Haunted Mansion,2022-01-30 12:15:23,35
Haunted Mansion,2022-01-30 12:20:23,35
Haunted Mansion,2022-01-30 12:25:23,35
Haunted Mansion,2022-01-30 12:30:23,40
Haunted Mansion,2022-01-30 12:35:22,40
Haunted Mansion,2022-01-30 12:40:22,40
Haunted Mansion,2022-01-30 12:45:22,40
Haunted Mansion,2022-01-30 12:50:23,40
Haunted Mansion,2022-01-30 12:55:22,40
Haunted Mansion,2022-01-30 13:00:23,40
Haunted Mansion,2022-01-30 13:05:23,30
Haunted Mansion,2022-01-30 13:10:22,30
Haunted Mansion,2022-01-30 13:15:23,30
Haunted Mansion,2022-01-30 13:20:22,30
Haunted Mansion,2022-01-30 13:25:23,30
Haunted Mansion,2022-01-30 13:30:23,30
Haunted Mansion,2022-01-30 13:35:23,30
Haunted Mansion,2022-01-30 13:40:22,30
Haunted Mansion,2022-01-30 13:45:23,30
Haunted Mansion,2022-01-30 13:50:23,30
Haunted Mansion,2022-01-30 13:55:23,30
Haunted Mansion,2022-01-30 14:00:22,45
Haunted Mansion,2022-01-30 14:05:22,45
Haunted Mansion,2022-01-30 14:10:22,45
Haunted Mansion,2022-01-30 14:15:23,30
Haunted Mansion,2022-01-30 14:20:23,30
Haunted Mansion,2022-01-30 14:25:22,30
Haunted Mansion,2022-01-30 14:30:22,30
Haunted Mansion,2022-01-30 14:35:22,30
Haunted Mansion,2022-01-30 14:40:22,30
Haunted Mansion,2022-01-30 14:45:22,45
Haunted Mansion,2022-01-30 14:50:22,45
Haunted Mansion,2022-01-30 14:55:23,45
Haunted Mansion,2022-01-30 15:00:22,45
Haunted Mansion,2022-01-30 15:05:22,55
Haunted Mansion,2022-01-30 15:10:22,55
Haunted Mansion,2022-01-30 15:15:23,55
Haunted Mansion,2022-01-30 15:20:23,55
Haunted Mansion,2022-01-30 15:25:23,55
Haunted Mansion,2022-01-30 15:30:23,55
Haunted Mansion,2022-01-30 15:35:22,55
Haunted Mansion,2022-01-30 15:40:23,45
Haunted Mansion,2022-01-30 15:45:22,45
Haunted Mansion,2022-01-30 15:50:23,45
Haunted Mansion,2022-01-30 15:55:22,45
Haunted Mansion,2022-01-30 16:00:23,45
Haunted Mansion,2022-01-30 16:05:23,45
Haunted Mansion,2022-01-30 16:10:22,45
Haunted Mansion,2022-01-30 16:15:22,20
Haunted Mansion,2022-01-30 16:20:22,20
Haunted Mansion,2022-01-30 16:25:22,20
Haunted Mansion,2022-01-30 16:30:23,20
Haunted Mansion,2022-01-30 16:35:23,20
Haunted Mansion,2022-01-30 16:40:22,35
Haunted Mansion,2022-01-30 16:45:22,40
Haunted Mansion,2022-01-30 16:50:23,40
Haunted Mansion,2022-01-30 16:55:22,40
Haunted Mansion,2022-01-30 17:00:22,40
Haunted Mansion,2022-01-30 17:05:22,40
Haunted Mansion,2022-01-30 17:10:22,40
Haunted Mansion,2022-01-30 17:15:22,25
Haunted Mansion,2022-01-30 17:20:23,25
Haunted Mansion,2022-01-30 17:25:23,25
Haunted Mansion,2022-01-30 17:30:23,25
Haunted Mansion,2022-01-30 17:35:23,25
Haunted Mansion,2022-01-30 17:40:22,25
Haunted Mansion,2022-01-30 17:45:22,35
Haunted Mansion,2022-01-30 17:50:24,35
Haunted Mansion,2022-01-30 17:55:22,35
Haunted Mansion,2022-01-30 18:00:22,35
Haunted Mansion,2022-01-30 18:05:22,35
Haunted Mansion,2022-01-30 18:10:22,35
Haunted Mansion,2022-01-30 18:15:23,35
Haunted Mansion,2022-01-30 18:20:23,35
Haunted Mansion,2022-01-30 18:25:22,35
Haunted Mansion,2022-01-30 18:30:23,35
Haunted Mansion,2022-01-30 18:35:23,35
Haunted Mansion,2022-01-30 18:40:22,30
Haunted Mansion,2022-01-30 18:45:23,30
Haunted Mansion,2022-01-30 18:50:22,30
Haunted Mansion,2022-01-30 18:55:22,30
Haunted Mansion,2022-01-30 19:00:22,30
Haunted Mansion,2022-01-30 19:05:22,20
Haunted Mansion,2022-01-30 19:10:23,13
Haunted Mansion,2022-01-30 19:15:23,13
Haunted Mansion,2022-01-30 19:20:22,13
Haunted Mansion,2022-01-30 19:25:23,13
Haunted Mansion,2022-01-30 19:30:23,13
Haunted Mansion,2022-01-30 19:35:23,13
Haunted Mansion,2022-01-30 19:40:23,20
Haunted Mansion,2022-01-30 19:45:23,20
Haunted Mansion,2022-01-30 19:50:23,20
Haunted Mansion,2022-01-30 19:55:22,20
Haunted Mansion,2022-01-30 20:00:23,20
Haunted Mansion,2022-01-30 20:05:22,20
Haunted Mansion,2022-01-30 20:10:22,20
Haunted Mansion,2022-01-30 20:15:22,13
Haunted Mansion,2022-01-30 20:20:22,13
Haunted Mansion,2022-01-30 20:25:22,13
Haunted Mansion,2022-01-30 20:30:23,13
Haunted Mansion,2022-01-30 20:35:22,13
Haunted Mansion,2022-01-30 20:40:23,13
Haunted Mansion,2022-01-30 20:45:22,13
Haunted Mansion,2022-01-30 20:50:22,13
Haunted Mansion,2022-01-30 20:55:22,13
Haunted Mansion,2022-01-30 21:00:25,13
Haunted Mansion,2022-01-30 21:05:23,13
Haunted Mansion,2022-01-30 21:10:22,13
Haunted Mansion,2022-01-30 21:15:22,13
Haunted Mansion,2022-01-30 21:20:22,13
Haunted Mansion,2022-01-30 21:25:22,13
Haunted Mansion,2022-01-30 21:30:23,13
Haunted Mansion,2022-01-30 21:35:23,13
Haunted Mansion,2022-01-30 21:40:22,13
Haunted Mansion,2022-01-30 21:45:23,13
Haunted Mansion,2022-01-30 21:50:22,13
Haunted Mansion,2022-01-30 21:55:22,13
Haunted Mansion,2022-01-30 22:00:23,13
Haunted Mansion,2022-01-30 22:05:22,13
Haunted Mansion,2022-01-30 22:10:23,13
Haunted Mansion,2022-01-30 22:15:22,13
Haunted Mansion,2022-01-30 22:20:23,13
Haunted Mansion,2022-01-30 22:25:23,13
Haunted Mansion,2022-01-30 22:30:22,13
Haunted Mansion,2022-01-30 22:35:22,13
Haunted Mansion,2022-01-30 22:40:23,13
Haunted Mansion,2022-01-30 22:45:22,13
Haunted Mansion,2022-01-30 22:50:22,13
Haunted Mansion,2022-01-30 22:55:23,13
Haunted Mansion,2022-01-30 23:00:22,13
Haunted Mansion,2022-01-31 08:05:23,5
Haunted Mansion,2022-01-31 08:10:22,5
Haunted Mansion,2022-01-31 08:15:23,5
Haunted Mansion,2022-01-31 08:20:23,5
Haunted Mansion,2022-01-31 08:25:23,5
Haunted Mansion,2022-01-31 08:30:22,5
Haunted Mansion,2022-01-31 08:35:23,5
Haunted Mansion,2022-01-31 08:40:23,5
Haunted Mansion,2022-01-31 08:45:23,5
Haunted Mansion,2022-01-31 08:50:22,5
Haunted Mansion,2022-01-31 08:55:23,5
Haunted Mansion,2022-01-31 09:00:23,5
Haunted Mansion,2022-01-31 09:05:23,5
Haunted Mansion,2022-01-31 09:10:23,5
Haunted Mansion,2022-01-31 09:15:22,5
Haunted Mansion,2022-01-31 09:20:23,5
Haunted Mansion,2022-01-31 09:25:22,13
Haunted Mansion,2022-01-31 09:30:23,13
Haunted Mansion,2022-01-31 09:35:23,13
Haunted Mansion,2022-01-31 09:40:23,13
Haunted Mansion,2022-01-31 09:45:22,13
Haunted Mansion,2022-01-31 09:50:23,13
Haunted Mansion,2022-01-31 09:55:22,25
Haunted Mansion,2022-01-31 10:00:22,25
Haunted Mansion,2022-01-31 10:05:22,25
Haunted Mansion,2022-01-31 10:10:22,35
Haunted Mansion,2022-01-31 10:15:23,25
Haunted Mansion,2022-01-31 10:20:23,25
Haunted Mansion,2022-01-31 10:25:23,25
Haunted Mansion,2022-01-31 10:30:22,25
Haunted Mansion,2022-01-31 10:35:22,25
Haunted Mansion,2022-01-31 10:40:23,35
Haunted Mansion,2022-01-31 10:45:22,35
Haunted Mansion,2022-01-31 10:50:22,35
Haunted Mansion,2022-01-31 10:55:23,35
Haunted Mansion,2022-01-31 11:00:22,25
Haunted Mansion,2022-01-31 11:05:23,25
Haunted Mansion,2022-01-31 11:10:23,25
Haunted Mansion,2022-01-31 11:15:23,25
Haunted Mansion,2022-01-31 11:20:22,25
Haunted Mansion,2022-01-31 11:25:23,30
Haunted Mansion,2022-01-31 11:30:22,30
Haunted Mansion,2022-01-31 11:35:23,30
Haunted Mansion,2022-01-31 11:40:23,30
Haunted Mansion,2022-01-31 11:45:23,35
Haunted Mansion,2022-01-31 11:50:23,35
Haunted Mansion,2022-01-31 11:55:22,35
Haunted Mansion,2022-01-31 12:35:23,35
Haunted Mansion,2022-01-31 12:40:23,35
Haunted Mansion,2022-01-31 12:45:22,25
Haunted Mansion,2022-01-31 12:50:23,25
Haunted Mansion,2022-01-31 12:55:23,25
Haunted Mansion,2022-01-31 13:00:23,25
Haunted Mansion,2022-01-31 13:05:22,25
Haunted Mansion,2022-01-31 13:10:23,25
Haunted Mansion,2022-01-31 13:15:22,25
Haunted Mansion,2022-01-31 13:20:23,40
Haunted Mansion,2022-01-31 13:25:22,40
Haunted Mansion,2022-01-31 13:30:23,40
Haunted Mansion,2022-01-31 13:35:23,40
Haunted Mansion,2022-01-31 13:40:22,40
Haunted Mansion,2022-01-31 13:45:23,30
Haunted Mansion,2022-01-31 13:50:22,30
Haunted Mansion,2022-01-31 13:55:22,30
Haunted Mansion,2022-01-31 14:00:23,30
Haunted Mansion,2022-01-31 14:05:23,30
Haunted Mansion,2022-01-31 14:10:22,40
Haunted Mansion,2022-01-31 14:15:22,40
Haunted Mansion,2022-01-31 14:20:23,40
Haunted Mansion,2022-01-31 14:25:23,40
Haunted Mansion,2022-01-31 14:30:22,40
Haunted Mansion,2022-01-31 14:35:22,40
Haunted Mansion,2022-01-31 14:40:22,25
Haunted Mansion,2022-01-31 14:45:22,25
Haunted Mansion,2022-01-31 14:50:22,25
Haunted Mansion,2022-01-31 14:55:23,35
Haunted Mansion,2022-01-31 15:00:23,35
Haunted Mansion,2022-01-31 15:05:22,35
Haunted Mansion,2022-01-31 15:10:23,35
Haunted Mansion,2022-01-31 15:15:22,35
Haunted Mansion,2022-01-31 15:20:23,35
Haunted Mansion,2022-01-31 15:25:23,35
Haunted Mansion,2022-01-31 16:40:23,20
Haunted Mansion,2022-01-31 16:45:22,20
Haunted Mansion,2022-01-31 16:50:22,20
Haunted Mansion,2022-01-31 16:55:22,20
Haunted Mansion,2022-01-31 17:00:22,30
Haunted Mansion,2022-01-31 17:05:22,30
Haunted Mansion,2022-01-31 17:10:22,30
Haunted Mansion,2022-01-31 17:15:22,30
Haunted Mansion,2022-01-31 17:20:22,30
Haunted Mansion,2022-01-31 17:25:22,30
Haunted Mansion,2022-01-31 17:30:22,30
Haunted Mansion,2022-01-31 17:35:23,30
Haunted Mansion,2022-01-31 17:40:22,25
Haunted Mansion,2022-01-31 17:45:22,25
Haunted Mansion,2022-01-31 17:50:22,25
Haunted Mansion,2022-01-31 17:55:22,25
Haunted Mansion,2022-01-31 18:00:22,25
Haunted Mansion,2022-01-31 18:05:23,25
Haunted Mansion,2022-01-31 18:10:23,25
Haunted Mansion,2022-01-31 18:15:22,25
Haunted Mansion,2022-01-31 18:20:22,25
Haunted Mansion,2022-01-31 18:25:22,25
Haunted Mansion,2022-01-31 18:30:23,25
Haunted Mansion,2022-01-31 18:35:22,25
Haunted Mansion,2022-01-31 18:40:23,25
Haunted Mansion,2022-01-31 18:50:22,25
Haunted Mansion,2022-01-31 18:55:22,25
Haunted Mansion,2022-01-31 19:00:23,25
Haunted Mansion,2022-01-31 19:05:23,25
Haunted Mansion,2022-01-31 19:10:23,25
Haunted Mansion,2022-01-31 19:15:22,25
Haunted Mansion,2022-01-31 19:20:22,25
Haunted Mansion,2022-01-31 19:25:23,13
Haunted Mansion,2022-01-31 19:30:23,13
Haunted Mansion,2022-01-31 19:35:22,13
Haunted Mansion,2022-01-31 19:40:22,13
Haunted Mansion,2022-01-31 19:45:23,13
Haunted Mansion,2022-01-31 19:50:22,13
Haunted Mansion,2022-01-31 19:55:23,13
Haunted Mansion,2022-01-31 20:00:22,13
